RECO,RECO_base_01,RECO_causal_01,RECO_base_02,RECO_causal_02,RECO_base_03,RECO_causal_03,RECO_base_04,RECO_causal_04,RECO_base_05,RECO_causal_05,RECO_base_06,RECO_causal_06,RECO_base_07,RECO_causal_07,RECO_base_08,RECO_causal_08,RECO_base_09,RECO_causal_09,RECO_base_10,RECO_causal_10,RECO_base_11,RECO_causal_11,RECO_base_12,RECO_causal_12,RECO_base_13,RECO_causal_13,RECO_base_14,RECO_causal_14,RECO_base_15,RECO_causal_15,RECO_base_16,RECO_causal_16,RECO_base_17,RECO_causal_17,RECO_base_18,RECO_causal_18,RECO_base_19,RECO_causal_19,RECO_base_20,RECO_causal_20
21.494315,21.752968,18.539083,17.474188,20.421534,23.802626,21.423504,23.93871,15.268302,24.24625,22.72102,20.383808,20.634651,21.864735,18.843369,20.845797,15.111484,25.20246,19.384872,22.35786,19.20306,27.74182,22.577421,23.6532,20.123587,11.902408,10.5770445,15.798816,14.965685,15.017116,20.284441,21.352018,20.275023,15.509515,19.486443,18.135738,16.263454,13.874169,18.188986,36.301174,27.46258
