RECO,RECO_base_01,RECO_causal_01,RECO_base_02,RECO_causal_02,RECO_base_03,RECO_causal_03,RECO_base_04,RECO_causal_04,RECO_base_05,RECO_causal_05,RECO_base_06,RECO_causal_06,RECO_base_07,RECO_causal_07,RECO_base_08,RECO_causal_08,RECO_base_09,RECO_causal_09,RECO_base_10,RECO_causal_10,RECO_base_11,RECO_causal_11,RECO_base_12,RECO_causal_12,RECO_base_13,RECO_causal_13,RECO_base_14,RECO_causal_14,RECO_base_15,RECO_causal_15,RECO_base_16,RECO_causal_16,RECO_base_17,RECO_causal_17,RECO_base_18,RECO_causal_18,RECO_base_19,RECO_causal_19,RECO_base_20,RECO_causal_20
89.44399,89.984726,76.28595,86.39743,81.8763,73.01804,66.293785,94.10957,88.20546,77.93348,90.08968,81.22153,85.53531,84.09937,80.46246,78.13154,80.65974,89.79387,71.87594,92.67489,79.93055,104.88097,89.52575,82.90572,77.01109,101.083374,86.441734,83.95612,76.00514,96.13456,80.08755,89.50777,75.50739,87.83406,78.991554,72.133575,72.941605,86.066696,89.618866,92.2288,90.286385
91.9521,104.71473,103.08045,82.20251,86.55811,106.940414,106.87209,101.06999,114.07442,110.274414,108.17466,107.6084,126.907326,103.08768,92.84674,121.14366,131.4407,100.15681,92.54515,114.54616,136.24037,132.96872,120.48774,100.87536,84.12016,115.99464,108.04938,101.7683,88.76962,121.433716,97.5678,109.97265,97.909966,116.06308,101.90416,101.90084,102.64409,111.452484,103.14147,116.02328,126.59258
65.76712,108.54097,115.1518,106.20016,115.78066,117.964,123.31551,119.58452,126.85346,110.12542,117.137695,106.32077,128.1861,112.474396,102.211174,96.15744,99.91512,84.02314,99.84349,102.491905,123.25373,129.29883,140.32172,115.32727,127.171814,125.46525,116.35787,116.47968,103.248314,116.52808,86.55059,107.69639,112.924706,108.13888,91.83853,118.595665,121.67067,133.1841,139.9165,94.52853,125.1341
30.0342,73.0223,55.45927,79.060936,56.169636,56.160652,35.75205,68.409225,52.077393,71.67128,60.373516,65.99481,58.97147,74.574524,65.72159,55.10726,45.45597,60.541946,48.18295,66.011246,53.308857,65.99445,56.986713,70.38285,51.437862,77.93235,48.63006,70.99143,56.797047,65.419266,63.518826,68.420006,69.511086,56.19075,55.793297,60.230854,41.57824,68.91566,61.916664,66.746666,64.2594
